idx,date,question_type,regulation,duration_ms,input_tokens,output_tokens,n_retrieved_chunks,feedback,feedback_category
1,2026-03-06,infracciones,orden_justicia,10779,2097,198,5,none,
2,2026-03-06,infracciones,orden_justicia,6275,2393,115,5,none,
3,2026-03-06,infracciones,transito,13087,5295,180,5,none,
4,2026-03-06,articulos,transito,16995,3588,405,5,none,
5,2026-03-06,infracciones,transito,7464,7219,93,8,none,
6,2026-03-06,infracciones,transito,7442,7162,140,8,none,
7,2026-03-06,articulos,transito,17010,5920,499,8,none,
8,2026-03-06,articulos,orden_justicia,5502,2621,274,8,none,
9,2026-03-06,articulos,orden_justicia,9955,2639,164,8,none,
10,2026-03-06,articulos,orden_justicia,8802,3183,232,8,none,
11,2026-03-06,articulos,orden_justicia,7570,2716,193,8,none,
12,2026-03-06,articulos,orden_justicia,5943,2622,193,8,none,
13,2026-03-06,articulos,orden_justicia,7472,2619,221,8,none,
14,2026-03-06,articulos,orden_justicia,6216,2618,210,8,none,
15,2026-03-06,articulos,orden_justicia,9300,2710,232,8,none,
16,2026-03-06,articulos,orden_justicia,6506,3192,144,8,none,
17,2026-03-06,articulos,orden_justicia,14350,3292,249,8,none,
18,2026-03-06,articulos,orden_justicia,12526,3184,231,8,none,
19,2026-03-06,articulos,orden_justicia,13207,2620,312,8,none,
20,2026-03-06,articulos,orden_justicia,23759,3197,392,8,none,
21,2026-03-06,articulos,orden_justicia,12270,2625,534,8,none,
22,2026-03-06,articulos,orden_justicia,6292,2621,198,8,none,
23,2026-03-06,articulos,orden_justicia,8644,2765,267,8,none,
24,2026-03-06,articulos,orden_justicia,5107,3331,241,8,none,
25,2026-03-06,articulos,orden_justicia,7088,3181,508,8,none,
26,2026-03-06,articulos,orden_justicia,27059,3331,276,8,none,
27,2026-03-06,articulos,orden_justicia,18924,3265,190,8,none,
28,2026-03-06,definiciones,ambos,22209,4680,136,3,none,
29,2026-03-06,definiciones,ambos,18030,4748,340,3,none,
30,2026-03-06,definiciones,ambos,8203,4678,108,3,none,
31,2026-03-06,definiciones,orden_justicia,4320,451,42,0,none,
32,2026-03-06,articulos,orden_justicia,6847,3179,191,8,none,
33,2026-03-06,articulos,orden_justicia,21690,3190,471,8,none,
34,2026-03-06,articulos,orden_justicia,9200,3183,354,8,none,
35,2026-03-06,definiciones,orden_justicia,13625,452,32,0,none,
36,2026-03-06,articulos,orden_justicia,8966,2616,177,8,none,
37,2026-03-06,articulos,ambos,10396,8575,177,16,none,
38,2026-03-06,articulos,ambos,11299,8838,220,16,none,
39,2026-03-06,definiciones,ambos,18801,4649,28,3,none,
40,2026-03-06,definiciones,ambos,21633,4697,98,3,none,
41,2026-03-06,definiciones,ambos,12541,4697,87,3,none,
42,2026-03-06,definiciones,ambos,10138,454,31,0,none,
43,2026-03-06,articulos,ambos,18309,3249,229,8,none,
44,2026-03-06,definiciones,ambos,12499,417,67,0,none,
45,2026-03-06,articulos,ambos,18794,2627,288,8,none,
46,2026-03-06,definiciones,ambos,12789,4706,193,3,none,
47,2026-03-07,infracciones,transito,19763,6720,194,8,none,
48,2026-03-07,infracciones,transito,7488,8184,132,8,none,
49,2026-03-07,infracciones,transito,8879,8535,146,8,like,
50,2026-03-07,articulos,orden_justicia,11587,2509,350,8,none,
51,2026-03-07,infracciones,orden_justicia,7472,3699,131,8,none,
52,2026-03-07,infracciones,orden_justicia,7901,3379,134,8,none,
53,2026-03-07,infracciones,orden_justicia,6269,3380,93,8,none,
54,2026-03-08,infracciones,transito,6531,7213,92,8,none,
55,2026-03-08,infracciones,transito,5351,7214,73,8,none,
56,2026-03-08,infracciones,transito,8405,7064,76,8,none,
57,2026-03-08,infracciones,orden_justicia,9079,3381,118,8,none,
58,2026-03-08,infracciones,transito,5953,7567,78,8,none,
59,2026-03-08,infracciones,orden_justicia,6255,4157,143,8,none,
60,2026-03-08,articulos,orden_justicia,12574,3898,268,8,none,
61,2026-03-08,infracciones,orden_justicia,11459,3427,204,8,none,
62,2026-03-08,infracciones,transito,8129,8051,132,8,none,
63,2026-03-09,infracciones,orden_justicia,11089,3071,198,8,like,Me resolviste mi duda
64,2026-03-09,infracciones,orden_justicia,14645,3547,184,8,none,
65,2026-03-09,infracciones,transito,15024,7212,130,8,like,Me resolviste mi duda
66,2026-03-09,infracciones,orden_justicia,9701,3137,244,8,none,
67,2026-03-09,articulos,orden_justicia,7793,3684,108,8,none,
68,2026-03-09,articulos,orden_justicia,12760,3929,134,8,like,Me resolviste mi duda
69,2026-03-09,articulos,orden_justicia,7218,3388,127,8,none,
70,2026-03-09,articulos,transito,8889,8242,65,8,none,
71,2026-03-09,articulos,transito,10914,3165,150,8,none,
72,2026-03-09,articulos,orden_justicia,7710,3222,137,8,none,
73,2026-03-10,articulos,transito,17348,5627,96,8,none,
74,2026-03-10,articulos,transito,11880,5222,34,8,none,
75,2026-03-10,infracciones,transito,14376,8222,317,8,none,
76,2026-03-10,infracciones,orden_justicia,12785,3453,141,8,like,Buscaré un abogado
77,2026-03-10,articulos,transito,12268,1377,335,8,like,Me resolviste mi duda
78,2026-03-10,articulos,transito,12694,2021,224,8,like,Voy a hablar con una autoridad
79,2026-03-10,definiciones,orden_justicia,5044,451,48,0,none,
80,2026-03-10,articulos,orden_justicia,11960,3630,147,8,none,
81,2026-03-10,articulos,orden_justicia,10950,12554,126,16,none,
82,2026-03-10,infracciones,transito,6734,8675,128,8,none,
83,2026-03-10,infracciones,orden_justicia,12644,3373,174,8,none,
84,2026-03-11,articulos,transito,13041,2763,330,8,like,Me resolviste mi duda
85,2026-03-11,infracciones,orden_justicia,7407,3695,114,8,none,
86,2026-03-11,articulos,transito,7029,5221,140,8,none,
87,2026-03-11,articulos,transito,9968,7051,239,8,none,
88,2026-03-11,articulos,orden_justicia,12429,3259,176,8,like,Me resolviste mi duda
89,2026-03-11,articulos,transito,16361,3249,252,8,like,
90,2026-03-11,articulos,orden_justicia,13614,3558,124,8,like,Voy a hablar con una autoridad
91,2026-03-11,articulos,orden_justicia,16804,3549,242,8,none,
92,2026-03-11,articulos,orden_justicia,15078,3209,221,8,like,Me resolviste mi duda
93,2026-03-11,articulos,transito,18614,5782,297,8,like,
94,2026-03-11,articulos,transito,13508,5783,120,8,none,
95,2026-03-11,definiciones,transito,11694,4692,239,3,like,Me resolviste mi duda
96,2026-03-11,articulos,ambos,10938,13331,171,16,like,
97,2026-03-11,articulos,orden_justicia,12004,3404,76,8,like,Voy a hablar con una autoridad
98,2026-03-11,articulos,transito,27213,3893,233,8,like,Voy a hablar con una autoridad
99,2026-03-11,infracciones,orden_justicia,12943,3846,265,8,none,
100,2026-03-11,infracciones,orden_justicia,6850,3562,75,8,none,
101,2026-03-11,infracciones,transito,7470,7063,94,8,none,
102,2026-03-11,infracciones,transito,5845,6241,70,8,none,
103,2026-03-11,infracciones,transito,7195,4800,69,8,none,
104,2026-03-11,infracciones,transito,6889,8403,136,8,like,
105,2026-03-11,infracciones,orden_justicia,6846,4144,116,8,none,
106,2026-03-11,infracciones,orden_justicia,7373,3593,114,8,like,Me resolviste mi duda
107,2026-03-11,articulos,orden_justicia,7422,3100,115,8,none,
108,2026-03-11,articulos,orden_justicia,10761,2865,190,8,none,
109,2026-03-11,articulos,ambos,8431,3537,143,8,none,
110,2026-03-11,articulos,transito,4971,5630,77,8,none,
111,2026-03-11,articulos,orden_justicia,8548,3863,166,8,like,Me resolviste mi duda
112,2026-03-11,articulos,transito,7266,7545,141,8,none,
113,2026-03-11,articulos,orden_justicia,16397,3888,224,8,like,Me resolviste mi duda
114,2026-03-11,articulos,transito,27646,11038,507,8,none,
115,2026-03-11,infracciones,orden_justicia,13266,3835,222,8,none,
116,2026-03-11,infracciones,orden_justicia,8105,3583,270,8,like,Me resolviste mi duda
117,2026-03-12,infracciones,transito,12243,7381,214,8,none,
118,2026-03-12,infracciones,transito,9577,6726,219,8,none,
119,2026-03-12,articulos,transito,18336,5037,323,8,none,
120,2026-03-12,articulos,transito,14661,6858,279,8,none,
121,2026-03-12,articulos,orden_justicia,10483,2559,376,8,like,Me resolviste mi duda
122,2026-03-12,infracciones,orden_justicia,12193,3699,162,8,none,
123,2026-03-12,infracciones,transito,17809,7616,233,8,none,
124,2026-03-12,infracciones,orden_justicia,6942,4032,115,8,none,
125,2026-03-12,infracciones,orden_justicia,6964,3876,96,8,none,
126,2026-03-12,articulos,transito,8195,3240,161,8,none,
127,2026-03-12,infracciones,orden_justicia,11940,3137,264,8,like,Me resolviste mi duda
128,2026-03-13,infracciones,orden_justicia,9438,3381,103,8,none,
129,2026-03-13,articulos,transito,8174,5264,245,8,none,
130,2026-03-13,articulos,transito,12881,6346,162,8,none,
131,2026-03-13,articulos,orden_justicia,16868,3736,220,8,like,
132,2026-03-13,articulos,orden_justicia,5387,3784,134,8,none,
133,2026-03-13,articulos,transito,7611,3126,266,8,like,
134,2026-03-13,definiciones,ambos,5031,4672,63,3,none,
135,2026-03-13,articulos,orden_justicia,10460,3744,141,8,none,
136,2026-03-13,articulos,orden_justicia,14706,3911,153,8,none,
137,2026-03-13,articulos,orden_justicia,9574,3276,214,8,none,
138,2026-03-13,infracciones,transito,12728,7045,172,8,none,
139,2026-03-13,definiciones,ambos,7059,4759,34,3,none,
140,2026-03-14,infracciones,transito,7940,7070,144,8,none,
141,2026-03-16,infracciones,orden_justicia,7426,3659,142,8,none,
142,2026-03-16,infracciones,transito,8489,6883,114,8,none,
143,2026-03-16,infracciones,orden_justicia,6888,3969,93,8,none,
144,2026-03-16,articulos,ambos,13124,8131,78,16,none,
145,2026-03-16,articulos,orden_justicia,9892,2588,74,8,none,
146,2026-03-16,articulos,orden_justicia,7192,3261,60,8,none,
147,2026-03-16,articulos,transito,10615,6211,57,8,none,
148,2026-03-16,articulos,transito,11105,4503,167,8,none,
149,2026-03-16,infracciones,transito,8167,9373,89,8,none,
150,2026-03-16,infracciones,transito,13655,8592,217,8,none,
151,2026-03-16,infracciones,transito,16179,8607,179,8,none,
152,2026-03-16,infracciones,orden_justicia,15723,3972,124,8,none,
153,2026-03-16,articulos,transito,14123,4173,175,8,none,
154,2026-03-16,infracciones,transito,11853,4057,271,8,none,
155,2026-03-16,infracciones,transito,11796,4098,308,8,none,
156,2026-03-16,infracciones,orden_justicia,16550,3607,186,8,none,
157,2026-03-17,articulos,transito,6423,7646,116,8,none,
158,2026-03-18,infracciones,orden_justicia,7363,3715,126,8,like,Voy a hablar con una autoridad
159,2026-03-18,infracciones,transito,6130,7118,88,8,like,Me resolviste mi duda
160,2026-03-19,articulos,transito,17739,5582,660,8,none,
161,2026-03-20,articulos,transito,17121,3123,253,8,none,
162,2026-03-21,articulos,orden_justicia,12267,2512,114,8,none,
163,2026-03-21,articulos,orden_justicia,5394,3808,73,8,none,
164,2026-03-21,articulos,orden_justicia,10513,3771,224,8,none,
165,2026-03-21,articulos,transito,7077,4832,107,8,like,
166,2026-03-22,infracciones,transito,5631,7087,75,8,like,Buscaré un abogado
167,2026-03-22,articulos,orden_justicia,8841,3068,213,8,none,
168,2026-03-22,infracciones,transito,13531,7212,207,8,none,
169,2026-03-22,articulos,orden_justicia,8205,3231,130,8,none,
170,2026-03-22,articulos,ambos,13894,4752,200,8,none,
171,2026-03-22,infracciones,transito,5193,6856,67,8,none,
172,2026-03-22,infracciones,transito,22468,3307,301,8,like,
173,2026-03-22,articulos,orden_justicia,7556,3308,113,8,like,Me resolviste mi duda
174,2026-03-22,articulos,transito,13947,7042,251,8,none,
175,2026-03-22,articulos,orden_justicia,11353,2611,245,8,none,
176,2026-03-23,infracciones,orden_justicia,7369,3727,85,8,like,Buscaré un abogado
177,2026-03-23,infracciones,transito,7137,7088,76,8,like,Me resolviste mi duda
178,2026-03-24,infracciones,orden_justicia,11170,3551,198,8,none,
179,2026-03-24,infracciones,orden_justicia,17966,3601,153,8,none,
180,2026-03-24,infracciones,orden_justicia,10255,3079,286,8,none,
181,2026-03-24,infracciones,orden_justicia,9797,3728,117,8,none,
182,2026-03-24,articulos,ambos,14380,8732,193,16,none,
183,2026-03-24,infracciones,orden_justicia,17266,3457,136,8,none,
184,2026-03-24,articulos,orden_justicia,14958,2465,203,8,none,
185,2026-03-24,articulos,transito,8854,6738,206,8,none,
186,2026-03-24,infracciones,transito,12200,7369,191,8,none,
187,2026-03-24,infracciones,transito,10454,6708,190,8,none,
188,2026-03-24,infracciones,transito,14047,2385,113,8,none,
189,2026-03-24,infracciones,transito,8238,6767,49,8,none,
190,2026-04-12,infracciones,ambos,11670,7470,134,8,none,
191,2026-04-12,infracciones,ambos,15557,7065,325,16,none,
192,2026-04-12,infracciones,orden_justicia,13826,3063,226,8,none,
193,2026-04-12,infracciones,orden_justicia,10682,3766,168,8,none,
194,2026-04-12,infracciones,transito,20514,6861,125,8,none,
195,2026-04-13,infracciones,transito,10991,7010,340,8,none,
196,2026-04-13,infracciones,transito,14267,7005,380,8,none,
197,2026-04-13,infracciones,transito,14584,7739,353,8,like,Buscaré un abogado
198,2026-04-13,infracciones,transito,8405,9751,125,8,none,
199,2026-04-13,infracciones,transito,23276,5917,224,8,none,
200,2026-04-13,infracciones,transito,27238,5994,200,8,none,
201,2026-04-13,infracciones,transito,6582,7453,114,8,none,
202,2026-04-13,infracciones,transito,7880,8569,152,8,none,
203,2026-04-13,infracciones,transito,9621,7766,325,8,none,
204,2026-04-13,infracciones,transito,20923,7027,412,8,none,
205,2026-04-13,infracciones,orden_justicia,18143,4533,294,8,none,
206,2026-04-13,definiciones,ambos,4885,5053,96,3,none,
207,2026-04-13,articulos,ambos,22365,9359,416,16,none,
208,2026-04-13,infracciones,transito,10270,8390,88,8,none,
209,2026-04-13,articulos,transito,17081,8044,124,8,none,
210,2026-04-13,infracciones,transito,16110,3740,232,8,none,
211,2026-04-13,infracciones,transito,10383,6151,194,8,none,
212,2026-04-13,articulos,transito,29459,4652,274,8,none,
213,2026-04-13,articulos,ambos,12978,9534,361,8,like,Voy a hablar con una autoridad
214,2026-04-13,infracciones,transito,21599,6265,393,8,none,
215,2026-04-13,infracciones,transito,11932,8561,173,8,none,
216,2026-04-13,infracciones,transito,10213,8746,128,8,none,
217,2026-04-13,infracciones,transito,7076,7453,71,8,like,Compartiré la información
218,2026-04-13,infracciones,orden_justicia,31413,4395,381,8,like,Compartiré la información
219,2026-04-13,articulos,ambos,17386,4839,289,8,none,
220,2026-04-13,articulos,orden_justicia,7005,3573,105,8,none,
221,2026-04-13,articulos,transito,7666,5782,278,8,none,
222,2026-04-13,articulos,transito,17612,5789,177,8,none,
223,2026-04-13,articulos,transito,14064,7125,207,8,none,
224,2026-04-13,infracciones,transito,31711,7374,304,8,none,
225,2026-04-13,infracciones,orden_justicia,15221,4287,413,8,none,
226,2026-04-13,infracciones,transito,16139,7017,298,8,like,Compartiré la información
227,2026-04-13,infracciones,transito,7683,7453,81,8,none,
228,2026-04-13,infracciones,orden_justicia,9883,4321,162,8,like,Me resolviste mi duda
229,2026-04-13,infracciones,transito,20622,7390,294,8,dislike,
230,2026-04-13,infracciones,ambos,14837,7612,518,16,none,
231,2026-04-13,infracciones,ambos,15948,8886,326,16,none,
232,2026-04-13,infracciones,orden_justicia,18223,6877,382,16,like,Me resolviste mi duda
233,2026-04-13,infracciones,orden_justicia,10236,4525,129,8,none,
234,2026-04-13,articulos,transito,8284,3047,479,8,like,
235,2026-04-13,articulos,transito,12468,7167,222,8,none,
236,2026-04-13,articulos,transito,17086,8466,275,8,none,
237,2026-04-13,articulos,transito,27193,7119,451,8,none,
238,2026-04-13,articulos,transito,18348,4345,243,8,none,
239,2026-04-13,infracciones,transito,11200,9039,134,8,none,
240,2026-04-13,infracciones,transito,17405,3894,325,8,none,
241,2026-04-14,definiciones,ambos,7033,5309,123,3,none,
242,2026-04-14,articulos,transito,11950,6510,54,8,none,
243,2026-04-14,infracciones,transito,8782,7691,100,8,none,
244,2026-04-17,articulos,transito,10373,5345,164,8,none,
245,2026-04-28,articulos,transito,14396,9305,128,8,none,
246,2026-04-28,articulos,transito,11927,7434,162,8,none,
247,2026-04-28,articulos,transito,11151,10543,326,8,none,
248,2026-05-06,infracciones,orden_justicia,15890,4667,239,8,like,
249,2026-05-23,infracciones,orden_justicia,12556,4767,293,8,none,
250,2026-05-23,articulos,orden_justicia,6552,3649,140,8,none,
251,2026-06-07,infracciones,transito,26552,7292,142,8,none,
252,2026-06-07,infracciones,transito,23406,3446,389,8,none,
253,2026-06-07,infracciones,transito,7268,6073,167,8,none,
254,2026-06-10,infracciones,orden_justicia,14726,4052,267,8,none,
255,2026-06-10,infracciones,orden_justicia,15645,3903,326,8,none,
256,2026-06-10,infracciones,orden_justicia,13128,4467,200,8,none,
257,2026-06-10,infracciones,orden_justicia,11473,4011,124,8,none,
258,2026-06-10,infracciones,orden_justicia,13505,4156,259,8,none,
259,2026-06-10,articulos,orden_justicia,11331,2900,229,8,none,
260,2026-06-10,articulos,orden_justicia,21087,3926,191,8,none,
261,2026-06-10,infracciones,transito,16884,6865,161,8,none,
262,2026-06-10,infracciones,transito,12317,8440,233,8,none,
263,2026-06-10,infracciones,transito,11722,7311,258,8,none,
264,2026-06-10,infracciones,transito,16514,8573,280,8,none,
265,2026-06-10,infracciones,transito,12628,6903,151,8,none,
266,2026-06-16,articulos,orden_justicia,5140,3826,101,8,none,
267,2026-06-16,definiciones,ambos,11460,5874,62,3,none,
268,2026-06-17,articulos,transito,4467,12012,31,8,none,
269,2026-06-17,articulos,unknown,8,0,0,0,none,
270,2026-06-17,articulos,unknown,7,0,0,0,none,
271,2026-06-17,articulos,unknown,10,0,0,0,none,
272,2026-06-17,articulos,unknown,10,0,0,0,none,
273,2026-06-17,infracciones,transito,8078,8451,109,8,none,
274,2026-06-17,infracciones,transito,10649,14228,157,8,none,
275,2026-06-17,infracciones,transito,13218,8514,258,8,none,
276,2026-06-17,articulos,transito,9515,16246,288,8,none,
277,2026-06-17,infracciones,transito,14422,7100,518,8,none,
278,2026-06-17,articulos,transito,5355,13557,115,8,none,
279,2026-06-17,infracciones,transito,22121,7102,545,8,none,
280,2026-06-17,infracciones,transito,11934,6905,182,8,none,
281,2026-06-17,articulos,transito,7786,14192,147,8,none,
282,2026-06-17,infracciones,transito,9581,11842,209,8,none,
283,2026-06-17,infracciones,transito,8429,6850,114,8,none,
284,2026-06-17,infracciones,transito,14926,11348,222,8,none,
285,2026-06-17,infracciones,transito,7256,6849,142,8,none,
286,2026-06-17,infracciones,transito,10085,8185,214,8,none,
287,2026-06-17,infracciones,transito,14099,8598,130,8,none,
288,2026-06-17,infracciones,transito,25500,7937,380,8,none,
289,2026-06-17,infracciones,transito,8090,8979,163,8,none,
290,2026-06-17,articulos,ambos,9973,11970,626,8,none,
291,2026-06-17,articulos,transito,7839,12555,320,9,none,
292,2026-06-17,articulos,transito,12681,15995,440,9,none,
293,2026-06-17,infracciones,transito,7354,6027,121,8,none,
294,2026-06-17,articulos,transito,7265,14259,173,9,none,
295,2026-06-17,infracciones,transito,17825,3521,507,8,none,
296,2026-06-17,infracciones,transito,10968,7451,251,8,none,
297,2026-06-17,infracciones,transito,9461,9911,200,8,none,
298,2026-06-17,infracciones,transito,12427,8341,226,8,none,
299,2026-06-17,infracciones,transito,17316,9223,165,8,none,
300,2026-06-17,infracciones,transito,8930,8681,169,8,none,
301,2026-06-17,infracciones,transito,17186,6894,602,8,none,
302,2026-06-17,infracciones,transito,17707,10153,254,8,none,
303,2026-06-17,infracciones,transito,11220,8699,154,8,none,
304,2026-06-17,infracciones,transito,11023,7771,689,8,none,
305,2026-06-17,infracciones,transito,8829,10116,170,8,none,
306,2026-06-17,infracciones,transito,7597,9683,126,8,none,
307,2026-06-17,infracciones,transito,13263,6972,426,8,none,
308,2026-06-17,infracciones,transito,9304,7200,375,8,none,
309,2026-06-17,articulos,ambos,6246,12011,102,8,none,
310,2026-06-17,infracciones,transito,7884,6088,115,8,none,
311,2026-06-17,articulos,transito,20840,6329,715,8,none,
312,2026-06-17,infracciones,transito,10913,8018,223,8,none,
313,2026-06-17,definiciones,ambos,7072,2069,28,8,none,
314,2026-06-17,infracciones,transito,9069,9552,212,8,none,
315,2026-06-17,articulos,transito,15352,5000,716,8,none,
316,2026-06-17,infracciones,transito,12631,11748,219,8,none,
317,2026-06-17,articulos,transito,30382,4801,476,8,none,
318,2026-06-17,infracciones,transito,9489,7307,143,8,none,
319,2026-06-17,articulos,transito,12841,8004,174,8,none,
320,2026-06-17,definiciones,transito,10024,2286,75,8,none,
321,2026-06-17,infracciones,transito,9770,8680,124,8,none,
322,2026-06-17,articulos,transito,8536,8765,328,8,none,
323,2026-06-17,articulos,transito,16869,9099,785,8,none,
324,2026-06-17,infracciones,transito,6011,9249,134,8,none,
325,2026-06-17,articulos,transito,6861,10560,117,8,none,
326,2026-06-18,infracciones,transito,15229,9454,276,8,none,
327,2026-06-18,infracciones,transito,8637,7637,178,8,none,
328,2026-06-18,infracciones,transito,8602,7278,167,8,none,
329,2026-06-18,articulos,transito,8717,9257,200,8,none,
330,2026-06-18,infracciones,orden_justicia,24936,4661,281,8,none,
331,2026-06-18,infracciones,transito,11516,8440,522,8,none,
332,2026-06-18,infracciones,transito,9853,10715,267,8,none,
333,2026-06-18,articulos,transito,18089,4342,561,8,none,
334,2026-06-18,infracciones,transito,12055,9096,144,8,like,
335,2026-06-18,articulos,transito,17896,8052,348,8,none,
336,2026-06-18,infracciones,transito,15723,7244,390,8,none,
337,2026-06-18,articulos,transito,10167,10294,291,8,none,
338,2026-06-18,articulos,transito,9225,11915,294,8,none,
339,2026-06-18,infracciones,transito,8404,11624,176,8,none,
340,2026-06-18,infracciones,transito,8125,6610,157,8,none,
341,2026-06-18,infracciones,transito,13229,7243,606,8,none,
342,2026-06-18,infracciones,transito,7000,8890,107,8,none,
343,2026-06-18,infracciones,transito,5092,8306,82,8,none,
344,2026-06-18,infracciones,transito,12789,9029,450,8,none,
345,2026-06-18,infracciones,transito,13506,7608,180,8,none,
346,2026-06-18,articulos,transito,6269,11704,114,8,none,
347,2026-06-18,infracciones,transito,13507,7232,598,8,none,
348,2026-06-18,infracciones,transito,10007,9697,127,8,none,
349,2026-06-18,infracciones,transito,5532,7115,123,8,none,
350,2026-06-18,infracciones,transito,11447,8691,120,8,none,
351,2026-06-18,infracciones,transito,7988,7734,115,8,none,
352,2026-06-18,infracciones,orden_justicia,14655,5186,307,8,none,
353,2026-06-18,infracciones,transito,7783,10117,103,8,none,
354,2026-06-18,articulos,transito,5698,12059,49,8,none,
355,2026-06-18,articulos,transito,6966,7833,214,8,none,
356,2026-06-18,articulos,transito,14477,5502,566,8,none,
357,2026-06-18,infracciones,transito,8554,11896,119,8,none,
358,2026-06-18,infracciones,transito,5616,6067,103,8,none,
359,2026-06-18,definiciones,transito,7636,2493,175,8,none,
360,2026-06-18,articulos,transito,14948,7072,547,8,none,
361,2026-06-18,articulos,transito,9005,14315,103,8,none,
362,2026-06-18,articulos,transito,7923,9910,131,8,none,
363,2026-06-18,articulos,transito,20292,15229,349,8,none,
364,2026-06-18,articulos,transito,9909,5676,372,8,none,
365,2026-06-18,infracciones,transito,5804,9781,82,8,none,
366,2026-06-18,articulos,transito,17553,9387,362,8,none,
367,2026-06-18,infracciones,transito,7646,9951,159,8,none,
368,2026-06-18,infracciones,transito,19399,6956,656,8,none,
369,2026-06-18,infracciones,transito,13977,8477,176,8,none,
370,2026-06-18,articulos,transito,12185,7359,708,8,none,
371,2026-06-18,infracciones,orden_justicia,24010,4944,456,8,none,
372,2026-06-18,infracciones,orden_justicia,11544,4960,349,8,none,
373,2026-06-18,infracciones,orden_justicia,23967,5187,483,8,none,
374,2026-06-18,articulos,transito,18227,10099,197,8,none,
375,2026-06-18,infracciones,transito,8326,6597,130,8,none,
376,2026-06-18,infracciones,transito,10238,7818,107,8,none,
377,2026-06-18,infracciones,transito,12209,8309,194,8,none,
378,2026-06-18,infracciones,transito,8752,6922,175,8,none,
379,2026-06-18,articulos,transito,18560,8148,401,8,none,
380,2026-06-18,infracciones,transito,7515,9781,99,8,none,
381,2026-06-18,infracciones,orden_justicia,11148,5039,269,8,none,
382,2026-06-18,infracciones,orden_justicia,25058,4796,466,8,none,
383,2026-06-18,infracciones,transito,8974,7726,123,8,none,
384,2026-06-18,articulos,ambos,26617,5250,546,8,none,
385,2026-06-18,infracciones,transito,6237,6074,91,8,none,
386,2026-06-18,infracciones,transito,7327,6914,116,8,none,
387,2026-06-18,articulos,orden_justicia,7387,4994,113,8,none,
388,2026-06-18,infracciones,transito,7221,6591,153,8,none,
389,2026-06-18,definiciones,ambos,20364,2219,199,8,none,
390,2026-06-18,articulos,transito,16004,7338,239,8,none,
391,2026-06-18,infracciones,transito,15229,8209,229,8,none,
392,2026-06-18,articulos,transito,15800,9392,286,8,none,
393,2026-06-18,infracciones,transito,26285,8353,191,8,like,
394,2026-06-18,infracciones,transito,8770,6042,98,8,none,
395,2026-06-18,infracciones,orden_justicia,14012,4614,399,8,none,
396,2026-06-18,infracciones,transito,5948,6601,168,8,none,
397,2026-06-18,infracciones,transito,10628,8167,185,8,none,
398,2026-06-18,infracciones,transito,10773,7918,142,8,none,
399,2026-06-18,articulos,transito,12445,8211,181,8,none,
400,2026-06-18,infracciones,transito,13755,6625,174,8,none,
401,2026-06-18,articulos,transito,10340,12060,138,8,none,
402,2026-06-18,articulos,transito,20305,9931,569,8,none,
403,2026-06-18,articulos,ambos,17379,10898,226,8,none,
404,2026-06-18,articulos,transito,20980,5305,839,8,none,
405,2026-06-18,articulos,transito,25609,4463,667,8,none,
406,2026-06-18,infracciones,transito,5969,6908,141,8,none,
407,2026-06-18,infracciones,transito,17626,9537,200,8,none,
408,2026-06-18,articulos,transito,10174,5110,100,8,none,
409,2026-06-18,infracciones,transito,10316,7717,109,8,none,
410,2026-06-18,articulos,transito,16432,11931,275,8,none,
411,2026-06-18,articulos,transito,19823,5839,549,8,none,
412,2026-06-18,articulos,transito,10785,10030,265,8,none,
413,2026-06-18,definiciones,transito,14690,2138,48,8,none,
414,2026-06-18,articulos,transito,16064,5198,596,8,none,
415,2026-06-18,articulos,transito,22300,5116,376,8,none,
416,2026-06-18,infracciones,transito,20992,7236,537,8,none,
417,2026-06-18,infracciones,transito,16651,9211,292,8,none,
418,2026-06-18,articulos,transito,17398,14322,252,8,none,
419,2026-06-18,infracciones,transito,15444,7445,183,8,none,
420,2026-06-18,infracciones,transito,9517,10700,210,8,none,
421,2026-06-18,articulos,transito,14231,12706,402,8,none,
422,2026-06-18,infracciones,transito,5156,9790,95,8,none,
423,2026-06-18,infracciones,transito,8590,8736,150,8,none,
424,2026-06-18,infracciones,transito,14340,10044,325,8,none,
425,2026-06-18,articulos,transito,25634,8012,1444,8,none,
426,2026-06-18,articulos,transito,13306,3295,396,8,none,
427,2026-06-18,infracciones,transito,8022,6055,89,8,none,
428,2026-06-18,articulos,transito,11893,9651,232,8,none,
429,2026-06-18,articulos,transito,10792,8898,126,8,none,
430,2026-06-18,articulos,transito,20672,8329,405,8,none,
431,2026-06-18,infracciones,transito,6572,9717,98,8,none,
432,2026-06-18,infracciones,transito,6225,9591,76,8,none,
433,2026-06-18,infracciones,transito,16567,10613,578,8,none,
434,2026-06-18,articulos,transito,10554,15785,223,8,none,
435,2026-06-18,infracciones,transito,6557,7761,109,8,none,
436,2026-06-18,articulos,transito,14047,9424,329,8,none,
437,2026-06-18,articulos,transito,14267,9631,495,8,none,
438,2026-06-18,articulos,transito,19127,12217,405,8,none,
439,2026-06-18,infracciones,orden_justicia,16088,5251,272,8,none,
440,2026-06-18,articulos,transito,8618,11083,194,8,none,
441,2026-06-18,infracciones,transito,13695,12595,251,8,none,
442,2026-06-18,articulos,ambos,37745,9817,1270,8,none,
443,2026-06-18,infracciones,transito,12158,9590,205,8,none,
444,2026-06-18,infracciones,transito,11889,7969,141,8,none,
445,2026-06-18,infracciones,transito,12893,7209,249,8,none,
446,2026-06-18,articulos,transito,20834,9887,519,8,none,
447,2026-06-18,infracciones,transito,17669,7753,200,8,none,
448,2026-06-18,infracciones,transito,9805,9207,185,8,none,
449,2026-06-18,articulos,transito,23393,12890,659,16,none,
450,2026-06-18,infracciones,transito,12525,7820,182,8,none,
451,2026-06-18,articulos,orden_justicia,10668,5076,244,8,none,
452,2026-06-18,infracciones,transito,6869,6820,83,8,none,
453,2026-06-18,articulos,transito,4638,12112,29,8,none,
454,2026-06-18,infracciones,transito,8933,7768,175,8,none,
455,2026-06-18,articulos,transito,5843,12081,30,8,none,
456,2026-06-18,articulos,transito,20487,10680,659,8,none,
457,2026-06-18,infracciones,transito,23805,11229,531,8,none,
458,2026-06-18,infracciones,transito,8725,6095,110,8,none,
459,2026-06-18,articulos,transito,13469,10929,218,8,none,
460,2026-06-18,infracciones,transito,10461,8407,121,8,none,
461,2026-06-18,articulos,transito,21530,4522,570,8,none,
462,2026-06-18,articulos,transito,6748,10915,64,8,none,
463,2026-06-18,articulos,transito,19656,5048,382,8,none,
464,2026-06-18,articulos,transito,11102,10328,193,8,like,Me resolviste mi duda
465,2026-06-18,articulos,transito,33941,10037,833,8,none,
466,2026-06-18,infracciones,transito,7975,9455,125,8,none,
467,2026-06-18,infracciones,transito,14376,7767,561,8,none,
468,2026-06-18,infracciones,transito,9119,6587,199,8,none,
469,2026-06-18,articulos,transito,23666,11929,378,8,none,
470,2026-06-18,infracciones,transito,13728,9301,182,8,none,
471,2026-06-18,articulos,orden_justicia,8673,5066,217,8,none,
472,2026-06-18,infracciones,orden_justicia,9878,5092,296,8,none,
473,2026-06-18,articulos,transito,17530,11544,525,8,none,
474,2026-06-18,articulos,transito,11062,10302,268,8,none,
475,2026-06-18,infracciones,orden_justicia,15371,4920,327,8,none,
476,2026-06-18,infracciones,transito,7605,9153,125,8,none,
477,2026-06-18,articulos,orden_justicia,12889,4798,340,8,none,
478,2026-06-18,infracciones,transito,13668,11798,183,8,none,
479,2026-06-18,infracciones,orden_justicia,15024,5000,400,8,none,
480,2026-06-18,articulos,orden_justicia,13761,3917,127,8,none,
481,2026-06-18,infracciones,orden_justicia,11650,4621,200,8,none,
482,2026-06-18,articulos,transito,19628,10301,656,8,none,
483,2026-06-18,infracciones,orden_justicia,6903,5248,162,8,none,
484,2026-06-18,infracciones,transito,26094,10759,552,8,none,
485,2026-06-18,infracciones,orden_justicia,16419,5085,444,8,none,
486,2026-06-18,infracciones,transito,8441,7508,129,8,none,
487,2026-06-18,infracciones,orden_justicia,7381,4894,197,8,none,
488,2026-06-18,infracciones,transito,7431,10579,150,8,none,
489,2026-06-18,articulos,transito,23261,10524,459,8,none,
490,2026-06-18,articulos,transito,20157,13243,531,8,none,
491,2026-06-18,infracciones,transito,7076,6595,122,8,none,
492,2026-06-18,infracciones,transito,8440,9495,134,8,none,
493,2026-06-18,infracciones,transito,10462,11619,174,8,none,
494,2026-06-18,articulos,transito,14331,13730,148,8,none,
495,2026-06-18,infracciones,transito,15433,6968,758,8,none,
496,2026-06-18,definiciones,transito,6369,2353,97,8,none,
497,2026-06-18,articulos,transito,14798,12856,249,8,none,
498,2026-06-18,articulos,transito,6339,8534,120,8,none,
499,2026-06-18,articulos,transito,18805,12132,305,8,none,
500,2026-06-18,articulos,transito,8676,12879,143,8,none,
501,2026-06-18,articulos,transito,8860,13525,79,8,none,
502,2026-06-18,infracciones,orden_justicia,14364,5362,336,8,none,
503,2026-06-18,articulos,transito,19918,11506,923,8,none,
504,2026-06-18,definiciones,transito,7374,2227,129,8,none,
505,2026-06-18,articulos,transito,13042,6215,477,8,none,
506,2026-06-18,articulos,orden_justicia,7549,5008,153,8,none,
507,2026-06-18,infracciones,orden_justicia,13487,4455,210,8,none,
508,2026-06-18,infracciones,transito,9321,6054,305,8,none,
509,2026-06-18,infracciones,transito,23941,8478,412,8,none,
510,2026-06-18,infracciones,transito,10269,8290,138,8,none,
511,2026-06-18,infracciones,transito,12003,11745,135,8,none,
512,2026-06-18,articulos,orden_justicia,12335,4620,333,8,none,
513,2026-06-18,infracciones,transito,9125,9529,159,8,none,
514,2026-06-19,infracciones,transito,18249,10894,1084,8,none,
515,2026-06-19,articulos,ambos,20923,8020,535,8,none,
516,2026-06-19,articulos,transito,17705,6476,832,8,none,
517,2026-06-19,infracciones,transito,5961,6051,79,8,none,
518,2026-06-19,infracciones,transito,8757,6794,263,8,none,
519,2026-06-19,infracciones,transito,9476,10783,175,8,none,
520,2026-06-19,articulos,transito,25714,5621,434,8,none,
521,2026-06-19,articulos,ambos,30068,5360,564,8,none,
522,2026-06-19,infracciones,transito,8672,7754,87,8,none,
523,2026-06-19,infracciones,orden_justicia,10623,4890,235,8,none,
524,2026-06-19,articulos,transito,10285,9109,378,8,none,
525,2026-06-19,infracciones,transito,9446,6609,121,8,none,
526,2026-06-19,articulos,transito,25878,6098,300,8,none,
527,2026-06-19,infracciones,transito,7053,9872,157,8,none,
528,2026-06-19,infracciones,transito,9733,7012,153,8,like,
529,2026-06-19,infracciones,transito,9587,9789,114,8,none,
530,2026-06-19,articulos,transito,10440,11596,129,8,none,
531,2026-06-19,articulos,transito,11207,15485,127,8,none,
532,2026-06-19,infracciones,transito,9417,7989,167,8,none,
533,2026-06-19,infracciones,transito,6775,7756,106,8,none,
534,2026-06-19,articulos,transito,10997,9031,315,8,none,
535,2026-06-19,infracciones,transito,13992,7161,394,8,none,
536,2026-06-19,infracciones,transito,11615,9056,197,8,none,
537,2026-06-19,infracciones,transito,7995,8681,143,8,none,
538,2026-06-19,articulos,transito,9613,14377,152,8,none,
539,2026-06-19,articulos,transito,10316,6255,461,8,none,
540,2026-06-19,infracciones,transito,12729,7858,136,8,none,
541,2026-06-19,articulos,ambos,16225,9943,180,8,none,
542,2026-06-19,infracciones,transito,10900,9197,138,8,none,
543,2026-06-19,infracciones,transito,10723,9311,174,8,none,
544,2026-06-19,infracciones,transito,9482,8785,211,8,none,
545,2026-06-19,articulos,transito,15040,7475,458,8,none,
546,2026-06-19,definiciones,transito,19674,2259,350,8,none,
547,2026-06-19,articulos,transito,12960,6698,332,8,none,
548,2026-06-19,infracciones,transito,20748,12120,292,8,none,
549,2026-06-19,infracciones,transito,8954,7975,222,8,none,
550,2026-06-19,infracciones,transito,19748,8013,151,8,none,
551,2026-06-19,infracciones,transito,14816,8135,278,8,none,
552,2026-06-19,articulos,transito,18277,12613,501,8,none,
553,2026-06-19,articulos,transito,16348,6421,308,8,none,
554,2026-06-19,articulos,transito,10848,6756,240,8,none,
555,2026-06-19,articulos,transito,18014,5281,835,8,none,
556,2026-06-19,infracciones,transito,9940,7718,115,8,none,
557,2026-06-19,articulos,transito,22263,12587,403,8,none,
558,2026-06-19,infracciones,transito,12727,7268,978,8,none,
559,2026-06-19,infracciones,transito,7343,9478,121,8,none,
560,2026-06-19,articulos,transito,5569,10341,144,8,none,
561,2026-06-19,infracciones,ambos,30846,11341,954,16,none,
562,2026-06-19,infracciones,transito,17259,9507,207,8,none,
563,2026-06-19,infracciones,transito,21997,8343,185,8,none,
564,2026-06-19,infracciones,transito,7829,9787,94,8,none,
565,2026-06-19,articulos,transito,11124,11018,101,8,none,
566,2026-06-19,articulos,transito,8637,10649,117,8,none,
567,2026-06-19,infracciones,transito,16328,9509,132,8,none,
568,2026-06-19,infracciones,transito,7281,7768,100,8,none,
569,2026-06-20,articulos,transito,11667,9386,134,8,none,
570,2026-06-20,infracciones,transito,8505,8572,135,8,none,
571,2026-06-20,infracciones,transito,17923,7380,966,8,none,
572,2026-06-20,infracciones,transito,7522,10845,187,8,none,
573,2026-06-20,definiciones,transito,9602,2425,54,8,none,
574,2026-06-20,articulos,transito,34656,0,0,8,none,
575,2026-06-20,articulos,transito,18269,13820,627,8,none,
576,2026-06-20,articulos,transito,28776,5286,196,8,none,
577,2026-06-20,articulos,transito,7628,8418,192,8,none,
578,2026-06-20,articulos,transito,7153,5242,102,8,none,
579,2026-06-20,articulos,transito,9189,6097,45,8,none,
580,2026-06-20,articulos,transito,10260,7197,36,8,none,
581,2026-06-20,articulos,transito,12790,4925,163,8,none,
582,2026-06-20,articulos,transito,14195,4635,786,8,none,
583,2026-06-20,articulos,transito,13006,5736,474,8,none,
584,2026-06-20,infracciones,transito,17673,7191,322,8,none,
585,2026-06-20,articulos,orden_justicia,12000,4756,440,8,none,
586,2026-06-20,infracciones,transito,6769,7957,109,8,none,
587,2026-06-20,infracciones,orden_justicia,15189,5208,321,8,none,
588,2026-06-20,articulos,transito,19494,5810,554,8,none,
589,2026-06-20,infracciones,transito,7721,9198,147,8,none,
590,2026-06-20,infracciones,orden_justicia,8974,5263,263,8,none,
591,2026-06-20,articulos,transito,19022,5669,651,8,none,
592,2026-06-20,definiciones,transito,22196,2160,164,8,none,
593,2026-06-20,articulos,transito,10666,6479,165,8,none,
594,2026-06-20,articulos,transito,20829,5140,200,8,none,
595,2026-06-20,definiciones,orden_justicia,10197,2143,92,8,none,
596,2026-06-20,definiciones,orden_justicia,10219,2171,113,8,none,
597,2026-06-20,articulos,transito,10426,12081,244,8,none,
598,2026-06-20,infracciones,transito,17169,9927,382,8,none,
599,2026-06-20,articulos,transito,22516,5963,844,8,none,
600,2026-06-20,infracciones,transito,9017,9808,150,8,none,
601,2026-06-20,infracciones,transito,5930,6958,82,8,none,
602,2026-06-20,infracciones,orden_justicia,12044,5242,221,8,like,
603,2026-06-20,articulos,ambos,12395,7157,195,8,none,
604,2026-06-20,infracciones,orden_justicia,9503,7699,135,8,none,
605,2026-06-20,articulos,transito,16021,5368,461,8,none,
606,2026-06-20,infracciones,transito,15644,9239,409,8,none,
607,2026-06-20,infracciones,transito,12474,7705,119,8,none,
608,2026-06-20,infracciones,orden_justicia,12575,5038,209,8,none,
609,2026-06-20,infracciones,transito,10139,9707,139,8,none,
610,2026-06-20,infracciones,orden_justicia,24907,4621,354,8,none,
611,2026-06-20,articulos,transito,17991,9935,452,8,none,
612,2026-06-20,articulos,transito,18989,6192,671,8,none,
613,2026-06-20,infracciones,transito,9085,9245,90,8,none,
614,2026-06-20,infracciones,transito,17380,7165,210,8,none,
615,2026-06-20,infracciones,transito,19274,8091,109,8,none,
616,2026-06-20,definiciones,transito,8962,2296,151,8,none,
617,2026-06-20,infracciones,transito,7025,10416,102,8,like,
618,2026-06-20,infracciones,transito,17369,9232,224,8,none,
619,2026-06-20,infracciones,transito,12163,9225,138,8,none,
620,2026-06-20,definiciones,transito,15754,2365,183,8,none,
621,2026-06-20,articulos,transito,6010,8262,110,8,none,
622,2026-06-20,articulos,transito,10147,4305,134,8,none,
623,2026-06-20,infracciones,transito,16627,10471,247,8,none,
624,2026-06-20,infracciones,orden_justicia,10198,4764,34,8,none,
625,2026-06-20,articulos,transito,14977,4761,116,8,none,
626,2026-06-20,infracciones,transito,14322,7981,125,8,none,
627,2026-06-20,infracciones,transito,8720,8713,120,8,none,
628,2026-06-20,infracciones,transito,6077,12266,100,8,none,
629,2026-06-20,infracciones,transito,9145,8799,143,8,none,
630,2026-06-20,articulos,transito,9732,5473,144,8,none,
631,2026-06-20,articulos,transito,16321,6190,680,8,none,
632,2026-06-20,articulos,transito,13233,9935,573,8,none,
633,2026-06-20,infracciones,transito,16413,7939,501,8,none,
634,2026-06-20,articulos,transito,14388,17222,785,9,none,
635,2026-06-20,infracciones,transito,7788,10521,156,8,none,
636,2026-06-20,articulos,transito,18192,4818,257,8,none,
637,2026-06-21,infracciones,transito,7220,3908,153,8,none,
638,2026-06-21,articulos,transito,21650,3829,299,8,none,
639,2026-06-21,articulos,transito,15503,8519,828,8,none,
640,2026-06-21,infracciones,transito,25232,3729,327,8,none,
641,2026-06-21,articulos,transito,16712,15736,37,8,none,
642,2026-06-21,infracciones,transito,7131,7686,86,8,none,
643,2026-06-21,infracciones,orden_justicia,10910,5229,339,8,none,
644,2026-06-21,articulos,orden_justicia,11320,4651,262,8,none,
645,2026-06-21,articulos,transito,6375,15988,96,9,none,
646,2026-06-21,articulos,transito,7362,11463,137,9,none,
647,2026-06-21,articulos,transito,6309,15856,128,9,none,
648,2026-06-21,articulos,transito,11264,16042,358,9,none,
649,2026-06-21,infracciones,transito,8290,8669,123,8,none,
650,2026-06-21,infracciones,transito,16614,7079,173,8,none,
651,2026-06-21,infracciones,transito,9001,7199,260,8,none,
652,2026-06-21,infracciones,transito,13570,7210,180,8,none,
653,2026-06-21,infracciones,transito,16746,6860,144,8,none,
654,2026-06-21,infracciones,transito,15320,9959,219,8,none,
655,2026-06-21,infracciones,transito,8951,7969,142,8,none,
656,2026-06-21,articulos,orden_justicia,20810,4496,560,8,none,
657,2026-06-21,articulos,ambos,24508,4527,642,8,none,
658,2026-06-21,infracciones,orden_justicia,17223,4036,814,8,none,
659,2026-06-21,articulos,transito,17547,6220,1361,8,none,
660,2026-06-21,articulos,ambos,19576,4776,637,8,none,
661,2026-06-21,articulos,transito,7556,11553,105,8,none,
662,2026-06-21,articulos,unknown,10,0,0,0,none,
663,2026-06-21,articulos,unknown,7,0,0,0,none,
664,2026-06-21,infracciones,transito,10349,8843,116,8,none,
